"schema_name","table_name"
"information_schema","sql_features"
"information_schema","sql_implementation_info"
"information_schema","sql_languages"
"information_schema","sql_packages"
"information_schema","sql_sizing"
"information_schema","sql_sizing_profiles"
"pg_catalog","padb_config_harvest"
"pg_catalog","pg_aggregate"
"pg_catalog","pg_am"
"pg_catalog","pg_amop"
"pg_catalog","pg_amproc"
"pg_catalog","pg_attrdef"
"pg_catalog","pg_attrdef_journal"
"pg_catalog","pg_attribute"
"pg_catalog","pg_attribute_acl"
"pg_catalog","pg_attribute_journal"
"pg_catalog","pg_auto_copy_history"
"pg_catalog","pg_auto_copy_job"
"pg_catalog","pg_bar_ddllog"
"pg_catalog","pg_bar_repos"
"pg_catalog","pg_bar_state"
"pg_catalog","pg_cast"
"pg_catalog","pg_catalog_rebuilds"
"pg_catalog","pg_class"
"pg_catalog","pg_class_extended"
"pg_catalog","pg_class_extended_journal"
"pg_catalog","pg_class_journal"
"pg_catalog","pg_class_stage"
"pg_catalog","pg_conf"
"pg_catalog","pg_constraint"
"pg_catalog","pg_constraint_journal"
"pg_catalog","pg_conversion"
"pg_catalog","pg_database"
"pg_catalog","pg_database_extended"
"pg_catalog","pg_datashare"
"pg_catalog","pg_datashare_consumers"
"pg_catalog","pg_datashare_objects"
"pg_catalog","pg_default_acl"
"pg_catalog","pg_default_permission"
"pg_catalog","pg_depend"
"pg_catalog","pg_depend_journal"
"pg_catalog","pg_description"
"pg_catalog","pg_external_database"
"pg_catalog","pg_external_object"
"pg_catalog","pg_external_schema"
"pg_catalog","pg_global_object"
"pg_catalog","pg_global_object_attributes"
"pg_catalog","pg_group"
"pg_catalog","pg_group_extended"
"pg_catalog","pg_highwatermark"
"pg_catalog","pg_iam_permission"
"pg_catalog","pg_identity"
"pg_catalog","pg_identity_provider"
"pg_catalog","pg_index"
"pg_catalog","pg_inherits"
"pg_catalog","pg_integration"
"pg_catalog","pg_integration_database"
"pg_catalog","pg_integration_tablestate"
"pg_catalog","pg_language"
"pg_catalog","pg_largeobject"
"pg_catalog","pg_library"
"pg_catalog","pg_listener"
"pg_catalog","pg_ml_model"
"pg_catalog","pg_namespace"
"pg_catalog","pg_namespace_extended"
"pg_catalog","pg_opclass"
"pg_catalog","pg_operator"
"pg_catalog","pg_permission"
"pg_catalog","pg_permission_mask"
"pg_catalog","pg_permission_policy"
"pg_catalog","pg_permission_roles"
"pg_catalog","pg_permission_users"
"pg_catalog","pg_policy"
"pg_catalog","pg_policy_impl"
"pg_catalog","pg_policy_mask"
"pg_catalog","pg_proc"
"pg_catalog","pg_proc_extended"
"pg_catalog","pg_resize"
"pg_catalog","pg_rewrite"
"pg_catalog","pg_role"
"pg_catalog","pg_role_chain"
"pg_catalog","pg_role_permission"
"pg_catalog","pg_role_users"
"pg_catalog","pg_s3_sqs_notifications"
"pg_catalog","pg_shadow"
"pg_catalog","pg_shadow_extended"
"pg_catalog","pg_shdepend"
"pg_catalog","pg_statistic"
"pg_catalog","pg_statistic_indicator"
"pg_catalog","pg_statistic_journal"
"pg_catalog","pg_statistic_multicol"
"pg_catalog","pg_tablespace"
"pg_catalog","pg_test"
"pg_catalog","pg_transaction"
"pg_catalog","pg_trigger"
"pg_catalog","pg_type"
"pg_catalog","pg_udf"
"pg_catalog","pg_unique_identity"
"pg_catalog","pg_user_permission"
"pg_catalog","pg_user_roles"
"pg_catalog","stcs_abort_idle"
"pg_catalog","stcs_aggr"
"pg_catalog","stcs_aggr_distinct"
"pg_catalog","stcs_alert_event_log"
"pg_catalog","stcs_alert_messages"
"pg_catalog","stcs_alter_column_encode_events"
"pg_catalog","stcs_alter_column_events"
"pg_catalog","stcs_alter_dist_catalog_change_events"
"pg_catalog","stcs_alter_dist_sort"
"pg_catalog","stcs_alter_sortkey_events"
"pg_catalog","stcs_analyze"
"pg_catalog","stcs_analyze_compression"
"pg_catalog","stcs_aqua_pushdown"
"pg_catalog","stcs_aqua_requests"
"pg_catalog","stcs_arcadia_billing_burstq_tracking"
"pg_catalog","stcs_arcadia_billing_log"
"pg_catalog","stcs_arcadia_billing_ris_reports"
"pg_catalog","stcs_arcadia_billing_txn_tracking"
"pg_catalog","stcs_arcadia_billing_xact_log"
"pg_catalog","stcs_arcadia_concurrency_scaling_usage"
"pg_catalog","stcs_arcadia_concurrency_scaling_usage_error"
"pg_catalog","stcs_arcadia_main_usage"
"pg_catalog","stcs_arcadia_main_usage_error"
"pg_catalog","stcs_auto_alter_worker_event"
"pg_catalog","stcs_auto_dispatcher_wlm_occupancy"
"pg_catalog","stcs_auto_maintenance"
"pg_catalog","stcs_auto_maintenance_worker"
"pg_catalog","stcs_auto_task_events"
"pg_catalog","stcs_auto_undo_events"
"pg_catalog","stcs_auto_worker_levels"
"pg_catalog","stcs_autovacuum_detail"
"pg_catalog","stcs_autovacuum_skip_reason"
"pg_catalog","stcs_awsclient_error"
"pg_catalog","stcs_awsclient_requests"
"pg_catalog","stcs_awsidc_refresh_token_worker"
"pg_catalog","stcs_backend_slot"
"pg_catalog","stcs_background_monitor"
"pg_catalog","stcs_background_tasks"
"pg_catalog","stcs_backtrace"
"pg_catalog","stcs_backup_compute"
"pg_catalog","stcs_backup_leader"
"pg_catalog","stcs_bcast"
"pg_catalog","stcs_bkg_compile_info"
"pg_catalog","stcs_blf_efficiency"
"pg_catalog","stcs_block_access_errors"
"pg_catalog","stcs_block_integrity_error"
"pg_catalog","stcs_block_io_metrics"
"pg_catalog","stcs_block_needs_recovery"
"pg_catalog","stcs_block_pins"
"pg_catalog","stcs_block_priority_based_rereplication"
"pg_catalog","stcs_blocklist"
"pg_catalog","stcs_bootstrap"
"pg_catalog","stcs_burst_async_mark"
"pg_catalog","stcs_burst_async_prepare"
"pg_catalog","stcs_burst_billing_ris_reports"
"pg_catalog","stcs_burst_connection"
"pg_catalog","stcs_burst_id_col_highwatermark"
"pg_catalog","stcs_burst_manager_lag_based_refresh"
"pg_catalog","stcs_burst_manager_personalization"
"pg_catalog","stcs_burst_manager_refresh"
"pg_catalog","stcs_burst_max_rpus"
"pg_catalog","stcs_burst_prepare"
"pg_catalog","stcs_burst_query_execution"
"pg_catalog","stcs_burst_refresh"
"pg_catalog","stcs_burst_refresh_tables_list"
"pg_catalog","stcs_burst_service_client"
"pg_catalog","stcs_burst_write_block_header_trace"
"pg_catalog","stcs_burst_write_exec"
"pg_catalog","stcs_burst_write_query_event"
"pg_catalog","stcs_bytedict_stats"
"pg_catalog","stcs_cache_policy_stats"
"pg_catalog","stcs_catalog_bloat"
"pg_catalog","stcs_catalog_bufmgr_stats"
"pg_catalog","stcs_catalog_rebuild_info"
"pg_catalog","stcs_catalog_rebuild_worker"
"pg_catalog","stcs_catalog_scan_metrics"
"pg_catalog","stcs_cdc_checkpoints"
"pg_catalog","stcs_cdc_connection"
"pg_catalog","stcs_clear_reps"
"pg_catalog","stcs_client_write_timings"
"pg_catalog","stcs_cluster_blocks_stats"
"pg_catalog","stcs_cluster_handle_usage"
"pg_catalog","stcs_cluster_idleness"
"pg_catalog","stcs_cmd_requires_top_xact"
"pg_catalog","stcs_codegen"
"pg_catalog","stcs_column_access_metrics"
"pg_catalog","stcs_column_errors"
"pg_catalog","stcs_column_stats"
"pg_catalog","stcs_comm_capture"
"pg_catalog","stcs_comm_diag"
"pg_catalog","stcs_comm_diag_errors"
"pg_catalog","stcs_comm_excess"
"pg_catalog","stcs_comm_global_packet_pool"
"pg_catalog","stcs_comm_integrity_error"
"pg_catalog","stcs_comm_pkt_latency"
"pg_catalog","stcs_comm_pkt_oob_count"
"pg_catalog","stcs_comm_pkt_sent_count"
"pg_catalog","stcs_comm_pkt_size"
"pg_catalog","stcs_comm_rexmit"
"pg_catalog","stcs_comm_rexmit_histogram"
"pg_catalog","stcs_command_result"
"pg_catalog","stcs_command_start"
"pg_catalog","stcs_commit_checkpoint"
"pg_catalog","stcs_commit_internal_stats"
"pg_catalog","stcs_commit_regions"
"pg_catalog","stcs_commit_stats"
"pg_catalog","stcs_committed_txn"
"pg_catalog","stcs_compile_info"
"pg_catalog","stcs_compile_print"
"pg_catalog","stcs_compile_service"
"pg_catalog","stcs_complyze"
"pg_catalog","stcs_compute_elasticity_insert"
"pg_catalog","stcs_concurrency_scaling_query_mapping"
"pg_catalog","stcs_concurrency_scaling_usage"
"pg_catalog","stcs_concurrency_scaling_usage_error"
"pg_catalog","stcs_config"
"pg_catalog","stcs_config_chooser"
"pg_catalog","stcs_config_history"
"pg_catalog","stcs_conjunct_scan_metrics"
"pg_catalog","stcs_connection_error_log"
"pg_catalog","stcs_connection_log"
"pg_catalog","stcs_connection_queue_error_log"
"pg_catalog","stcs_consistency"
"pg_catalog","stcs_copy_job_info"
"pg_catalog","stcs_core_stat"
"pg_catalog","stcs_cost_control_updates"
"pg_catalog","stcs_cqi_metrics"
"pg_catalog","stcs_cqilog"
"pg_catalog","stcs_create_replication"
"pg_catalog","stcs_create_table_ddl_summary"
"pg_catalog","stcs_dag_cleanup"
"pg_catalog","stcs_datashare_changes_consumer"
"pg_catalog","stcs_datashare_changes_producer"
"pg_catalog","stcs_datashare_dsms"
"pg_catalog","stcs_datashare_query_info"
"pg_catalog","stcs_datashare_request_consumer"
"pg_catalog","stcs_datashare_request_producer"
"pg_catalog","stcs_datasharing_log"
"pg_catalog","stcs_db_isolation_level"
"pg_catalog","stcs_ddltext"
"pg_catalog","stcs_dead_tuples_stats"
"pg_catalog","stcs_default_iam_usage"
"pg_catalog","stcs_delete"
"pg_catalog","stcs_delete_tag_throttle"
"pg_catalog","stcs_dirty_table_metadata"
"pg_catalog","stcs_disk_cache_megablock_stats"
"pg_catalog","stcs_disk_cache_stats"
"pg_catalog","stcs_disk_cache_write"
"pg_catalog","stcs_disk_extent_splits"
"pg_catalog","stcs_disk_failures"
"pg_catalog","stcs_disk_full_diag"
"pg_catalog","stcs_disk_speeds"
"pg_catalog","stcs_disk_topology"
"pg_catalog","stcs_diskman_query_block_read_stats"
"pg_catalog","stcs_disks_blocks_stats"
"pg_catalog","stcs_dist"
"pg_catalog","stcs_doryc_log"
"pg_catalog","stcs_dropped_replication"
"pg_catalog","stcs_dynamodb_error"
"pg_catalog","stcs_dynamodb_restore"
"pg_catalog","stcs_epsilon_metadata_events"
"pg_catalog","stcs_error"
"pg_catalog","stcs_event_trace"
"pg_catalog","stcs_exec_state"
"pg_catalog","stcs_executor_steps"
"pg_catalog","stcs_explain"
"pg_catalog","stcs_external_catalog_calls"
"pg_catalog","stcs_external_query_detail_base"
"pg_catalog","stcs_fabric_stats"
"pg_catalog","stcs_federated_calls"
"pg_catalog","stcs_federated_query"
"pg_catalog","stcs_federated_trace"
"pg_catalog","stcs_fetchers"
"pg_catalog","stcs_file_scan"
"pg_catalog","stcs_filter"
"pg_catalog","stcs_freed_disk_addrs"
"pg_catalog","stcs_function_column_linker"
"pg_catalog","stcs_ghost_buffer_stats"
"pg_catalog","stcs_ght_hash_flatten"
"pg_catalog","stcs_ght_hash_partitions"
"pg_catalog","stcs_grouping_sets"
"pg_catalog","stcs_guc"
"pg_catalog","stcs_guid_based_cache_policy_stats"
"pg_catalog","stcs_guid_based_rereplication_stats"
"pg_catalog","stcs_guid_cache_stats"
"pg_catalog","stcs_hash"
"pg_catalog","stcs_hash_partitions"
"pg_catalog","stcs_hashjoin"
"pg_catalog","stcs_hashjoin_partitions"
"pg_catalog","stcs_hdr_integrity_error"
"pg_catalog","stcs_hllsketch_column_linker"
"pg_catalog","stcs_hllsketch_function"
"pg_catalog","stcs_hllsketch_query"
"pg_catalog","stcs_hot_tables_qpd_stats"
"pg_catalog","stcs_inc_commit_stats_instrumentation"
"pg_catalog","stcs_incremental_resize_state"
"pg_catalog","stcs_inflight"
"pg_catalog","stcs_insert"
"pg_catalog","stcs_integration_activity_detail"
"pg_catalog","stcs_integration_cdc_detail"
"pg_catalog","stcs_integration_datatype_mapping"
"pg_catalog","stcs_integration_ddl"
"pg_catalog","stcs_integration_log"
"pg_catalog","stcs_integration_scan"
"pg_catalog","stcs_integration_stats"
"pg_catalog","stcs_integration_table_state"
"pg_catalog","stcs_internal_query_details"
"pg_catalog","stcs_invalid_replication"
"pg_catalog","stcs_invariant"
"pg_catalog","stcs_io_error"
"pg_catalog","stcs_io_iscsi_monitor"
"pg_catalog","stcs_io_perf"
"pg_catalog","stcs_io_stat"
"pg_catalog","stcs_kafka_scan_errors"
"pg_catalog","stcs_kafka_scan_states"
"pg_catalog","stcs_kinesis_outbound_requests"
"pg_catalog","stcs_kinesis_scan_errors"
"pg_catalog","stcs_kinesis_scan_states"
"pg_catalog","stcs_lambda_client"
"pg_catalog","stcs_lambda_execution_logs"
"pg_catalog","stcs_lambda_invocation_error"
"pg_catalog","stcs_lbc_events"
"pg_catalog","stcs_lbc_replay_stats"
"pg_catalog","stcs_leader_control"
"pg_catalog","stcs_leader_snapshot"
"pg_catalog","stcs_limit"
"pg_catalog","stcs_load_commits"
"pg_catalog","stcs_load_error_info"
"pg_catalog","stcs_load_errors"
"pg_catalog","stcs_load_history_base"
"pg_catalog","stcs_load_options"
"pg_catalog","stcs_load_trace"
"pg_catalog","stcs_loaderror_detail"
"pg_catalog","stcs_lwlock"
"pg_catalog","stcs_mark_partitions"
"pg_catalog","stcs_mddl_history"
"pg_catalog","stcs_mem_alloc_history"
"pg_catalog","stcs_mem_block_details"
"pg_catalog","stcs_mem_freelist"
"pg_catalog","stcs_mem_heavy_hitters"
"pg_catalog","stcs_mem_leaks"
"pg_catalog","stcs_mem_ops_counts"
"pg_catalog","stcs_memefficiency"
"pg_catalog","stcs_memhisto"
"pg_catalog","stcs_memory_pressure_actions"
"pg_catalog","stcs_memory_pressure_state"
"pg_catalog","stcs_memory_pressure_suspects"
"pg_catalog","stcs_merge"
"pg_catalog","stcs_mergejoin"
"pg_catalog","stcs_metadata_step"
"pg_catalog","stcs_minmax_errors"
"pg_catalog","stcs_misc_sys_stat"
"pg_catalog","stcs_ml_create_model_log"
"pg_catalog","stcs_ml_dlr_usage"
"pg_catalog","stcs_ml_log"
"pg_catalog","stcs_ml_manager_log"
"pg_catalog","stcs_ml_model_stats"
"pg_catalog","stcs_ml_processing_log"
"pg_catalog","stcs_ml_sagemaker_error"
"pg_catalog","stcs_ml_sagemaker_request"
"pg_catalog","stcs_mmf_details"
"pg_catalog","stcs_monitoring_logs_internal"
"pg_catalog","stcs_multi_statement_violations"
"pg_catalog","stcs_mutex_contention"
"pg_catalog","stcs_mv_aqmv"
"pg_catalog","stcs_mv_refresh"
"pg_catalog","stcs_mv_state"
"pg_catalog","stcs_nestloop"
"pg_catalog","stcs_net_stat"
"pg_catalog","stcs_netmon_ip"
"pg_catalog","stcs_netmon_mac"
"pg_catalog","stcs_network_throttle"
"pg_catalog","stcs_nft_query_reissue"
"pg_catalog","stcs_nft_session_persistence"
"pg_catalog","stcs_nft_statement_replay_status"
"pg_catalog","stcs_node_failovers"
"pg_catalog","stcs_nullyze"
"pg_catalog","stcs_omnisql_error"
"pg_catalog","stcs_omnisql_rewrite_rules"
"pg_catalog","stcs_omnisql_rewrite_stats"
"pg_catalog","stcs_parse"
"pg_catalog","stcs_perf_channel_sink"
"pg_catalog","stcs_perf_channel_source"
"pg_catalog","stcs_perf_histograms"
"pg_catalog","stcs_perf_permanent_channel_sink"
"pg_catalog","stcs_perf_permanent_channel_source"
"pg_catalog","stcs_persisted_sessions_on_disk"
"pg_catalog","stcs_pg_wal_stats"
"pg_catalog","stcs_pinned_blocks"
"pg_catalog","stcs_plan_explain"
"pg_catalog","stcs_plan_explain_props"
"pg_catalog","stcs_plan_explain_tree"
"pg_catalog","stcs_plan_info"
"pg_catalog","stcs_plan_perf"
"pg_catalog","stcs_plan_qid_map"
"pg_catalog","stcs_plan_querytext"
"pg_catalog","stcs_plan_rule_stats"
"pg_catalog","stcs_plan_state"
"pg_catalog","stcs_predicate_information"
"pg_catalog","stcs_prefetch_stats"
"pg_catalog","stcs_print"
"pg_catalog","stcs_proc_stat"
"pg_catalog","stcs_process_state"
"pg_catalog","stcs_project"
"pg_catalog","stcs_query"
"pg_catalog","stcs_query_abort_reason"
"pg_catalog","stcs_query_block_stats"
"pg_catalog","stcs_query_concurrency_scaling_decision"
"pg_catalog","stcs_query_concurrency_scaling_fail_reasons"
"pg_catalog","stcs_query_detail"
"pg_catalog","stcs_query_execution_time_prediction"
"pg_catalog","stcs_query_heap_memory_stats_by_component"
"pg_catalog","stcs_query_heap_memory_usage"
"pg_catalog","stcs_query_internal"
"pg_catalog","stcs_query_level_cg_paths"
"pg_catalog","stcs_query_mem_leaks"
"pg_catalog","stcs_query_mem_stats"
"pg_catalog","stcs_query_mem_stats_by_type"
"pg_catalog","stcs_query_memory"
"pg_catalog","stcs_query_memory_cheating"
"pg_catalog","stcs_query_metrics"
"pg_catalog","stcs_query_prediction"
"pg_catalog","stcs_query_scaling_prediction"
"pg_catalog","stcs_query_step_times"
"pg_catalog","stcs_query_transmit_metrics"
"pg_catalog","stcs_query_tx_metrics"
"pg_catalog","stcs_querytext"
"pg_catalog","stcs_querytext_internal"
"pg_catalog","stcs_range_insert"
"pg_catalog","stcs_redcat_journal_gc_info"
"pg_catalog","stcs_redshift_proxy_connection_startup"
"pg_catalog","stcs_redshift_proxy_log"
"pg_catalog","stcs_rehydration_metrics"
"pg_catalog","stcs_remote_access_blocklist"
"pg_catalog","stcs_replacements"
"pg_catalog","stcs_rereplication"
"pg_catalog","stcs_res_leaks"
"pg_catalog","stcs_restarted_sessions"
"pg_catalog","stcs_restarted_sessions_internal"
"pg_catalog","stcs_restore_slice_mapping"
"pg_catalog","stcs_result_cache_history"
"pg_catalog","stcs_result_cache_stats"
"pg_catalog","stcs_return"
"pg_catalog","stcs_right_sizing"
"pg_catalog","stcs_rlf_scan"
"pg_catalog","stcs_rls_applied_policy"
"pg_catalog","stcs_rms_calls"
"pg_catalog","stcs_rowblock_manager_stats"
"pg_catalog","stcs_rpc"
"pg_catalog","stcs_rtf_save"
"pg_catalog","stcs_rtf_stats"
"pg_catalog","stcs_rtree"
"pg_catalog","stcs_s3_commit_leak"
"pg_catalog","stcs_s3_connection_holding_internal"
"pg_catalog","stcs_s3_write_block_debug"
"pg_catalog","stcs_s3client"
"pg_catalog","stcs_s3client_error"
"pg_catalog","stcs_s3client_trace"
"pg_catalog","stcs_s3commit_ddb_entry"
"pg_catalog","stcs_s3commit_dm_guids"
"pg_catalog","stcs_s3commit_stats"
"pg_catalog","stcs_s3list"
"pg_catalog","stcs_s3log"
"pg_catalog","stcs_s3partition_elimination"
"pg_catalog","stcs_s3partition_predicate"
"pg_catalog","stcs_s3pushdown"
"pg_catalog","stcs_s3query"
"pg_catalog","stcs_s3query_billing_trace"
"pg_catalog","stcs_s3query_metering"
"pg_catalog","stcs_s3requests"
"pg_catalog","stcs_s3retries"
"pg_catalog","stcs_s3table_stats"
"pg_catalog","stcs_sage_mode_budget"
"pg_catalog","stcs_sage_scaling_candidates"
"pg_catalog","stcs_sage_scaling_clusters"
"pg_catalog","stcs_sage_scaling_decisions"
"pg_catalog","stcs_sample"
"pg_catalog","stcs_save"
"pg_catalog","stcs_sb_recovery"
"pg_catalog","stcs_scan"
"pg_catalog","stcs_scan_range_stats"
"pg_catalog","stcs_schema_quota_ddl"
"pg_catalog","stcs_schema_quota_violations"
"pg_catalog","stcs_seg_completed_notify"
"pg_catalog","stcs_segment_ce_stats"
"pg_catalog","stcs_segment_ends_cleanly"
"pg_catalog","stcs_segment_starts"
"pg_catalog","stcs_sem_pool"
"pg_catalog","stcs_sem_stat"
"pg_catalog","stcs_sem_usage"
"pg_catalog","stcs_serial_safety_net"
"pg_catalog","stcs_server_write_timings"
"pg_catalog","stcs_services_control_metrics"
"pg_catalog","stcs_session_signal"
"pg_catalog","stcs_session_state"
"pg_catalog","stcs_sessions"
"pg_catalog","stcs_shadow_table_commit"
"pg_catalog","stcs_shadow_table_recovery"
"pg_catalog","stcs_skr_scan_metrics"
"pg_catalog","stcs_small_table_convert_event"
"pg_catalog","stcs_snapshotbackup"
"pg_catalog","stcs_sort"
"pg_catalog","stcs_sorted_checker"
"pg_catalog","stcs_sorted_checker_leader"
"pg_catalog","stcs_spatial_column_linker"
"pg_catalog","stcs_spatial_function"
"pg_catalog","stcs_spatial_index"
"pg_catalog","stcs_spatial_join"
"pg_catalog","stcs_spatial_query"
"pg_catalog","stcs_spatial_simplify"
"pg_catalog","stcs_spectrum_cache_error"
"pg_catalog","stcs_spectrum_scan_error"
"pg_catalog","stcs_sshclient_error"
"pg_catalog","stcs_ssn_violation"
"pg_catalog","stcs_stack_trace"
"pg_catalog","stcs_stack_traces"
"pg_catalog","stcs_startup_metrics"
"pg_catalog","stcs_step_parse"
"pg_catalog","stcs_steps"
"pg_catalog","stcs_stored_proc_call"
"pg_catalog","stcs_stored_proc_call_map"
"pg_catalog","stcs_stored_proc_messages"
"pg_catalog","stcs_stream_segs"
"pg_catalog","stcs_sub_transaction_commit_info"
"pg_catalog","stcs_super_column_linker"
"pg_catalog","stcs_super_function"
"pg_catalog","stcs_super_query"
"pg_catalog","stcs_superblock"
"pg_catalog","stcs_superblock_integrity_error"
"pg_catalog","stcs_superblock_tree_events"
"pg_catalog","stcs_superblock_trickle_validation_stats"
"pg_catalog","stcs_superblock_trickle_validation_summary"
"pg_catalog","stcs_superblock_vacuum"
"pg_catalog","stcs_swap"
"pg_catalog","stcs_system_abort_txn"
"pg_catalog","stcs_system_state"
"pg_catalog","stcs_table_mutex"
"pg_catalog","stcs_table_partition_qpd_stats"
"pg_catalog","stcs_table_partition_scan"
"pg_catalog","stcs_table_partitions_hotness_stats"
"pg_catalog","stcs_tbl_perm_at_drop"
"pg_catalog","stcs_terminate"
"pg_catalog","stcs_tiered_storage_controller"
"pg_catalog","stcs_tiered_storage_s3_blocks"
"pg_catalog","stcs_tombstone"
"pg_catalog","stcs_tr_conflict"
"pg_catalog","stcs_transaction_history"
"pg_catalog","stcs_transaction_read_write_set"
"pg_catalog","stcs_truncate_history"
"pg_catalog","stcs_udf"
"pg_catalog","stcs_udf_compile_error"
"pg_catalog","stcs_udf_log"
"pg_catalog","stcs_udf_trace"
"pg_catalog","stcs_undo_transactions"
"pg_catalog","stcs_undone"
"pg_catalog","stcs_unified_vec_scan"
"pg_catalog","stcs_unique"
"pg_catalog","stcs_unload_history_base"
"pg_catalog","stcs_unload_log"
"pg_catalog","stcs_unload_options"
"pg_catalog","stcs_unnest"
"pg_catalog","stcs_usage_control"
"pg_catalog","stcs_user_load_error_detail"
"pg_catalog","stcs_user_query_history"
"pg_catalog","stcs_user_query_map"
"pg_catalog","stcs_user_query_rewrite"
"pg_catalog","stcs_user_query_text"
"pg_catalog","stcs_user_vacuum_history"
"pg_catalog","stcs_userlog"
"pg_catalog","stcs_utilitytext"
"pg_catalog","stcs_vacuum"
"pg_catalog","stcs_vacuum_detail"
"pg_catalog","stcs_vacuum_history"
"pg_catalog","stcs_vacuum_scan_query_usage"
"pg_catalog","stcs_varbyte_column_linker"
"pg_catalog","stcs_varbyte_function"
"pg_catalog","stcs_varbyte_query"
"pg_catalog","stcs_vec_scan_stats"
"pg_catalog","stcs_version"
"pg_catalog","stcs_vpid"
"pg_catalog","stcs_vpid_error"
"pg_catalog","stcs_wam_lifecycle"
"pg_catalog","stcs_warning"
"pg_catalog","stcs_window"
"pg_catalog","stcs_wlm_auto_concurrency"
"pg_catalog","stcs_wlm_error"
"pg_catalog","stcs_wlm_multi_az_routing"
"pg_catalog","stcs_wlm_query"
"pg_catalog","stcs_wlm_query_preemption"
"pg_catalog","stcs_wlm_rule_action"
"pg_catalog","stcs_wlm_service_class_config"
"pg_catalog","stcs_wlm_trace"
"pg_catalog","stcs_wlm_trace_query_state"
"pg_catalog","stcs_xid_consumption_rate"
"pg_catalog","stcs_xregion_billing_error"
"pg_catalog","stcs_xregion_metering"
"pg_catalog","stcs_xrestore"
"pg_catalog","stcs_xrestore_alter_distkey"
"pg_catalog","stcs_xrestore_cluster_level_distkey_tables"
"pg_catalog","stll_abort_idle"
"pg_catalog","stll_aggr"
"pg_catalog","stll_aggr_distinct"
"pg_catalog","stll_alert_event_log"
"pg_catalog","stll_alert_messages"
"pg_catalog","stll_alter_column_encode_events"
"pg_catalog","stll_alter_column_events"
"pg_catalog","stll_alter_dist_catalog_change_events"
"pg_catalog","stll_alter_dist_sort"
"pg_catalog","stll_alter_sortkey_events"
"pg_catalog","stll_analyze"
"pg_catalog","stll_analyze_compression"
"pg_catalog","stll_aqua_pushdown"
"pg_catalog","stll_aqua_requests"
"pg_catalog","stll_arcadia_billing_burstq_tracking"
"pg_catalog","stll_arcadia_billing_log"
"pg_catalog","stll_arcadia_billing_ris_reports"
"pg_catalog","stll_arcadia_billing_txn_tracking"
"pg_catalog","stll_arcadia_billing_xact_log"
"pg_catalog","stll_arcadia_concurrency_scaling_usage"
"pg_catalog","stll_arcadia_concurrency_scaling_usage_error"
"pg_catalog","stll_arcadia_main_usage"
"pg_catalog","stll_arcadia_main_usage_error"
"pg_catalog","stll_auto_alter_worker_event"
"pg_catalog","stll_auto_dispatcher_wlm_occupancy"
"pg_catalog","stll_auto_maintenance"
"pg_catalog","stll_auto_maintenance_worker"
"pg_catalog","stll_auto_task_events"
"pg_catalog","stll_auto_undo_events"
"pg_catalog","stll_auto_worker_levels"
"pg_catalog","stll_autovacuum_detail"
"pg_catalog","stll_autovacuum_skip_reason"
"pg_catalog","stll_awsclient_error"
"pg_catalog","stll_awsclient_requests"
"pg_catalog","stll_awsidc_refresh_token_worker"
"pg_catalog","stll_backend_slot"
"pg_catalog","stll_background_monitor"
"pg_catalog","stll_background_tasks"
"pg_catalog","stll_backtrace"
"pg_catalog","stll_backup_compute"
"pg_catalog","stll_backup_leader"
"pg_catalog","stll_bcast"
"pg_catalog","stll_bkg_compile_info"
"pg_catalog","stll_blf_efficiency"
"pg_catalog","stll_block_access_errors"
"pg_catalog","stll_block_integrity_error"
"pg_catalog","stll_block_io_metrics"
"pg_catalog","stll_block_needs_recovery"
"pg_catalog","stll_block_pins"
"pg_catalog","stll_block_priority_based_rereplication"
"pg_catalog","stll_blocklist"
"pg_catalog","stll_bootstrap"
"pg_catalog","stll_burst_async_mark"
"pg_catalog","stll_burst_async_prepare"
"pg_catalog","stll_burst_billing_ris_reports"
"pg_catalog","stll_burst_connection"
"pg_catalog","stll_burst_id_col_highwatermark"
"pg_catalog","stll_burst_manager_lag_based_refresh"
"pg_catalog","stll_burst_manager_personalization"
"pg_catalog","stll_burst_manager_refresh"
"pg_catalog","stll_burst_max_rpus"
"pg_catalog","stll_burst_prepare"
"pg_catalog","stll_burst_query_execution"
"pg_catalog","stll_burst_refresh"
"pg_catalog","stll_burst_refresh_tables_list"
"pg_catalog","stll_burst_service_client"
"pg_catalog","stll_burst_write_block_header_trace"
"pg_catalog","stll_burst_write_exec"
"pg_catalog","stll_burst_write_query_event"
"pg_catalog","stll_bytedict_stats"
"pg_catalog","stll_cache_policy_stats"
"pg_catalog","stll_catalog_bloat"
"pg_catalog","stll_catalog_bufmgr_stats"
"pg_catalog","stll_catalog_rebuild_info"
"pg_catalog","stll_catalog_rebuild_worker"
"pg_catalog","stll_catalog_scan_metrics"
"pg_catalog","stll_cdc_checkpoints"
"pg_catalog","stll_cdc_connection"
"pg_catalog","stll_clear_reps"
"pg_catalog","stll_client_write_timings"
"pg_catalog","stll_cluster_blocks_stats"
"pg_catalog","stll_cluster_handle_usage"
"pg_catalog","stll_cluster_idleness"
"pg_catalog","stll_cmd_requires_top_xact"
"pg_catalog","stll_codegen"
"pg_catalog","stll_column_access_metrics"
"pg_catalog","stll_column_errors"
"pg_catalog","stll_column_stats"
"pg_catalog","stll_comm_capture"
"pg_catalog","stll_comm_diag"
"pg_catalog","stll_comm_diag_errors"
"pg_catalog","stll_comm_excess"
"pg_catalog","stll_comm_global_packet_pool"
"pg_catalog","stll_comm_integrity_error"
"pg_catalog","stll_comm_pkt_latency"
"pg_catalog","stll_comm_pkt_oob_count"
"pg_catalog","stll_comm_pkt_sent_count"
"pg_catalog","stll_comm_pkt_size"
"pg_catalog","stll_comm_rexmit"
"pg_catalog","stll_comm_rexmit_histogram"
"pg_catalog","stll_command_result"
"pg_catalog","stll_command_start"
"pg_catalog","stll_commit_checkpoint"
"pg_catalog","stll_commit_internal_stats"
"pg_catalog","stll_commit_regions"
"pg_catalog","stll_commit_stats"
"pg_catalog","stll_committed_txn"
"pg_catalog","stll_compile_info"
"pg_catalog","stll_compile_print"
"pg_catalog","stll_compile_service"
"pg_catalog","stll_complyze"
"pg_catalog","stll_compute_elasticity_insert"
"pg_catalog","stll_concurrency_scaling_query_mapping"
"pg_catalog","stll_concurrency_scaling_usage"
"pg_catalog","stll_concurrency_scaling_usage_error"
"pg_catalog","stll_config"
"pg_catalog","stll_config_chooser"
"pg_catalog","stll_config_history"
"pg_catalog","stll_conjunct_scan_metrics"
"pg_catalog","stll_connection_error_log"
"pg_catalog","stll_connection_log"
"pg_catalog","stll_connection_queue_error_log"
"pg_catalog","stll_consistency"
"pg_catalog","stll_copy_job_info"
"pg_catalog","stll_core_stat"
"pg_catalog","stll_cost_control_updates"
"pg_catalog","stll_cqi_metrics"
"pg_catalog","stll_cqilog"
"pg_catalog","stll_create_replication"
"pg_catalog","stll_create_table_ddl_summary"
"pg_catalog","stll_dag_cleanup"
"pg_catalog","stll_datashare_changes_consumer"
"pg_catalog","stll_datashare_changes_producer"
"pg_catalog","stll_datashare_dsms"
"pg_catalog","stll_datashare_query_info"
"pg_catalog","stll_datashare_request_consumer"
"pg_catalog","stll_datashare_request_producer"
"pg_catalog","stll_datasharing_log"
"pg_catalog","stll_db_isolation_level"
"pg_catalog","stll_ddltext"
"pg_catalog","stll_dead_tuples_stats"
"pg_catalog","stll_default_iam_usage"
"pg_catalog","stll_delete"
"pg_catalog","stll_delete_tag_throttle"
"pg_catalog","stll_dirty_table_metadata"
"pg_catalog","stll_disk_cache_megablock_stats"
"pg_catalog","stll_disk_cache_stats"
"pg_catalog","stll_disk_cache_write"
"pg_catalog","stll_disk_extent_splits"
"pg_catalog","stll_disk_failures"
"pg_catalog","stll_disk_full_diag"
"pg_catalog","stll_disk_speeds"
"pg_catalog","stll_disk_topology"
"pg_catalog","stll_diskman_query_block_read_stats"
"pg_catalog","stll_disks_blocks_stats"
"pg_catalog","stll_dist"
"pg_catalog","stll_doryc_log"
"pg_catalog","stll_dropped_replication"
"pg_catalog","stll_dynamodb_error"
"pg_catalog","stll_dynamodb_restore"
"pg_catalog","stll_epsilon_metadata_events"
"pg_catalog","stll_error"
"pg_catalog","stll_event_trace"
"pg_catalog","stll_exec_state"
"pg_catalog","stll_executor_steps"
"pg_catalog","stll_explain"
"pg_catalog","stll_external_catalog_calls"
"pg_catalog","stll_external_query_detail_base"
"pg_catalog","stll_fabric_stats"
"pg_catalog","stll_federated_calls"
"pg_catalog","stll_federated_query"
"pg_catalog","stll_federated_trace"
"pg_catalog","stll_fetchers"
"pg_catalog","stll_file_scan"
"pg_catalog","stll_filter"
"pg_catalog","stll_freed_disk_addrs"
"pg_catalog","stll_function_column_linker"
"pg_catalog","stll_ghost_buffer_stats"
"pg_catalog","stll_ght_hash_flatten"
"pg_catalog","stll_ght_hash_partitions"
"pg_catalog","stll_grouping_sets"
"pg_catalog","stll_guc"
"pg_catalog","stll_guid_based_cache_policy_stats"
"pg_catalog","stll_guid_based_rereplication_stats"
"pg_catalog","stll_guid_cache_stats"
"pg_catalog","stll_hash"
"pg_catalog","stll_hash_partitions"
"pg_catalog","stll_hashjoin"
"pg_catalog","stll_hashjoin_partitions"
"pg_catalog","stll_hdr_integrity_error"
"pg_catalog","stll_hllsketch_column_linker"
"pg_catalog","stll_hllsketch_function"
"pg_catalog","stll_hllsketch_query"
"pg_catalog","stll_hot_tables_qpd_stats"
"pg_catalog","stll_inc_commit_stats_instrumentation"
"pg_catalog","stll_incremental_resize_state"
"pg_catalog","stll_inflight"
"pg_catalog","stll_insert"
"pg_catalog","stll_integration_activity_detail"
"pg_catalog","stll_integration_cdc_detail"
"pg_catalog","stll_integration_datatype_mapping"
"pg_catalog","stll_integration_ddl"
"pg_catalog","stll_integration_log"
"pg_catalog","stll_integration_scan"
"pg_catalog","stll_integration_stats"
"pg_catalog","stll_integration_table_state"
"pg_catalog","stll_internal_query_details"
"pg_catalog","stll_invalid_replication"
"pg_catalog","stll_invariant"
"pg_catalog","stll_io_error"
"pg_catalog","stll_io_iscsi_monitor"
"pg_catalog","stll_io_perf"
"pg_catalog","stll_io_stat"
"pg_catalog","stll_kafka_scan_errors"
"pg_catalog","stll_kafka_scan_states"
"pg_catalog","stll_kinesis_outbound_requests"
"pg_catalog","stll_kinesis_scan_errors"
"pg_catalog","stll_kinesis_scan_states"
"pg_catalog","stll_lambda_client"
"pg_catalog","stll_lambda_execution_logs"
"pg_catalog","stll_lambda_invocation_error"
"pg_catalog","stll_lbc_events"
"pg_catalog","stll_lbc_replay_stats"
"pg_catalog","stll_leader_control"
"pg_catalog","stll_leader_snapshot"
"pg_catalog","stll_limit"
"pg_catalog","stll_load_commits"
"pg_catalog","stll_load_error_info"
"pg_catalog","stll_load_errors"
"pg_catalog","stll_load_history_base"
"pg_catalog","stll_load_options"
"pg_catalog","stll_load_trace"
"pg_catalog","stll_loaderror_detail"
"pg_catalog","stll_lwlock"
"pg_catalog","stll_mark_partitions"
"pg_catalog","stll_mddl_history"
"pg_catalog","stll_mem_alloc_history"
"pg_catalog","stll_mem_block_details"
"pg_catalog","stll_mem_freelist"
"pg_catalog","stll_mem_heavy_hitters"
"pg_catalog","stll_mem_leaks"
"pg_catalog","stll_mem_ops_counts"
"pg_catalog","stll_memefficiency"
"pg_catalog","stll_memhisto"
"pg_catalog","stll_memory_pressure_actions"
"pg_catalog","stll_memory_pressure_state"
"pg_catalog","stll_memory_pressure_suspects"
"pg_catalog","stll_merge"
"pg_catalog","stll_mergejoin"
"pg_catalog","stll_metadata_step"
"pg_catalog","stll_minmax_errors"
"pg_catalog","stll_misc_sys_stat"
"pg_catalog","stll_ml_create_model_log"
"pg_catalog","stll_ml_dlr_usage"
"pg_catalog","stll_ml_log"
"pg_catalog","stll_ml_manager_log"
"pg_catalog","stll_ml_model_stats"
"pg_catalog","stll_ml_processing_log"
"pg_catalog","stll_ml_sagemaker_error"
"pg_catalog","stll_ml_sagemaker_request"
"pg_catalog","stll_mmf_details"
"pg_catalog","stll_monitoring_logs_internal"
"pg_catalog","stll_multi_statement_violations"
"pg_catalog","stll_mutex_contention"
"pg_catalog","stll_mv_aqmv"
"pg_catalog","stll_mv_refresh"
"pg_catalog","stll_mv_state"
"pg_catalog","stll_nestloop"
"pg_catalog","stll_net_stat"
"pg_catalog","stll_netmon_ip"
"pg_catalog","stll_netmon_mac"
"pg_catalog","stll_network_throttle"
"pg_catalog","stll_nft_query_reissue"
"pg_catalog","stll_nft_session_persistence"
"pg_catalog","stll_nft_statement_replay_status"
"pg_catalog","stll_node_failovers"
"pg_catalog","stll_nullyze"
"pg_catalog","stll_omnisql_error"
"pg_catalog","stll_omnisql_rewrite_rules"
"pg_catalog","stll_omnisql_rewrite_stats"
"pg_catalog","stll_parse"
"pg_catalog","stll_perf_channel_sink"
"pg_catalog","stll_perf_channel_source"
"pg_catalog","stll_perf_histograms"
"pg_catalog","stll_perf_permanent_channel_sink"
"pg_catalog","stll_perf_permanent_channel_source"
"pg_catalog","stll_persisted_sessions_on_disk"
"pg_catalog","stll_pg_wal_stats"
"pg_catalog","stll_pinned_blocks"
"pg_catalog","stll_plan_explain"
"pg_catalog","stll_plan_explain_props"
"pg_catalog","stll_plan_explain_tree"
"pg_catalog","stll_plan_info"
"pg_catalog","stll_plan_perf"
"pg_catalog","stll_plan_qid_map"
"pg_catalog","stll_plan_querytext"
"pg_catalog","stll_plan_rule_stats"
"pg_catalog","stll_plan_state"
"pg_catalog","stll_predicate_information"
"pg_catalog","stll_prefetch_stats"
"pg_catalog","stll_print"
"pg_catalog","stll_proc_stat"
"pg_catalog","stll_process_state"
"pg_catalog","stll_project"
"pg_catalog","stll_query"
"pg_catalog","stll_query_abort_reason"
"pg_catalog","stll_query_block_stats"
"pg_catalog","stll_query_concurrency_scaling_decision"
"pg_catalog","stll_query_concurrency_scaling_fail_reasons"
"pg_catalog","stll_query_detail"
"pg_catalog","stll_query_execution_time_prediction"
"pg_catalog","stll_query_heap_memory_stats_by_component"
"pg_catalog","stll_query_heap_memory_usage"
"pg_catalog","stll_query_internal"
"pg_catalog","stll_query_level_cg_paths"
"pg_catalog","stll_query_mem_leaks"
"pg_catalog","stll_query_mem_stats"
"pg_catalog","stll_query_mem_stats_by_type"
"pg_catalog","stll_query_memory"
"pg_catalog","stll_query_memory_cheating"
"pg_catalog","stll_query_metrics"
"pg_catalog","stll_query_prediction"
"pg_catalog","stll_query_scaling_prediction"
"pg_catalog","stll_query_step_times"
"pg_catalog","stll_query_transmit_metrics"
"pg_catalog","stll_query_tx_metrics"
"pg_catalog","stll_querytext"
"pg_catalog","stll_querytext_internal"
"pg_catalog","stll_range_insert"
"pg_catalog","stll_redcat_journal_gc_info"
"pg_catalog","stll_redshift_proxy_connection_startup"
"pg_catalog","stll_redshift_proxy_log"
"pg_catalog","stll_rehydration_metrics"
"pg_catalog","stll_remote_access_blocklist"
"pg_catalog","stll_replacements"
"pg_catalog","stll_rereplication"
"pg_catalog","stll_res_leaks"
"pg_catalog","stll_restarted_sessions"
"pg_catalog","stll_restarted_sessions_internal"
"pg_catalog","stll_restore_slice_mapping"
"pg_catalog","stll_result_cache_history"
"pg_catalog","stll_result_cache_stats"
"pg_catalog","stll_return"
"pg_catalog","stll_right_sizing"
"pg_catalog","stll_rlf_scan"
"pg_catalog","stll_rls_applied_policy"
"pg_catalog","stll_rms_calls"
"pg_catalog","stll_rowblock_manager_stats"
"pg_catalog","stll_rpc"
"pg_catalog","stll_rtf_save"
"pg_catalog","stll_rtf_stats"
"pg_catalog","stll_rtree"
"pg_catalog","stll_s3_commit_leak"
"pg_catalog","stll_s3_connection_holding_internal"
"pg_catalog","stll_s3_write_block_debug"
"pg_catalog","stll_s3client"
"pg_catalog","stll_s3client_error"
"pg_catalog","stll_s3client_trace"
"pg_catalog","stll_s3commit_ddb_entry"
"pg_catalog","stll_s3commit_dm_guids"
"pg_catalog","stll_s3commit_stats"
"pg_catalog","stll_s3list"
"pg_catalog","stll_s3log"
"pg_catalog","stll_s3partition_elimination"
"pg_catalog","stll_s3partition_predicate"
"pg_catalog","stll_s3pushdown"
"pg_catalog","stll_s3query"
"pg_catalog","stll_s3query_billing_trace"
"pg_catalog","stll_s3query_metering"
"pg_catalog","stll_s3requests"
"pg_catalog","stll_s3retries"
"pg_catalog","stll_s3table_stats"
"pg_catalog","stll_sage_mode_budget"
"pg_catalog","stll_sage_scaling_candidates"
"pg_catalog","stll_sage_scaling_clusters"
"pg_catalog","stll_sage_scaling_decisions"
"pg_catalog","stll_sample"
"pg_catalog","stll_save"
"pg_catalog","stll_sb_recovery"
"pg_catalog","stll_scan"
"pg_catalog","stll_scan_range_stats"
"pg_catalog","stll_schema_quota_ddl"
"pg_catalog","stll_schema_quota_violations"
"pg_catalog","stll_seg_completed_notify"
"pg_catalog","stll_segment_ce_stats"
"pg_catalog","stll_segment_ends_cleanly"
"pg_catalog","stll_segment_starts"
"pg_catalog","stll_sem_pool"
"pg_catalog","stll_sem_stat"
"pg_catalog","stll_sem_usage"
"pg_catalog","stll_serial_safety_net"
"pg_catalog","stll_server_write_timings"
"pg_catalog","stll_services_control_metrics"
"pg_catalog","stll_session_signal"
"pg_catalog","stll_session_state"
"pg_catalog","stll_sessions"
"pg_catalog","stll_shadow_table_commit"
"pg_catalog","stll_shadow_table_recovery"
"pg_catalog","stll_skr_scan_metrics"
"pg_catalog","stll_small_table_convert_event"
"pg_catalog","stll_snapshotbackup"
"pg_catalog","stll_sort"
"pg_catalog","stll_sorted_checker"
"pg_catalog","stll_sorted_checker_leader"
"pg_catalog","stll_spatial_column_linker"
"pg_catalog","stll_spatial_function"
"pg_catalog","stll_spatial_index"
"pg_catalog","stll_spatial_join"
"pg_catalog","stll_spatial_query"
"pg_catalog","stll_spatial_simplify"
"pg_catalog","stll_spectrum_cache_error"
"pg_catalog","stll_spectrum_scan_error"
"pg_catalog","stll_sshclient_error"
"pg_catalog","stll_ssn_violation"
"pg_catalog","stll_stack_trace"
"pg_catalog","stll_stack_traces"
"pg_catalog","stll_startup_metrics"
"pg_catalog","stll_step_parse"
"pg_catalog","stll_steps"
"pg_catalog","stll_stored_proc_call"
"pg_catalog","stll_stored_proc_call_map"
"pg_catalog","stll_stored_proc_messages"
"pg_catalog","stll_stream_segs"
"pg_catalog","stll_sub_transaction_commit_info"
"pg_catalog","stll_super_column_linker"
"pg_catalog","stll_super_function"
"pg_catalog","stll_super_query"
"pg_catalog","stll_superblock"
"pg_catalog","stll_superblock_integrity_error"
"pg_catalog","stll_superblock_tree_events"
"pg_catalog","stll_superblock_trickle_validation_stats"
"pg_catalog","stll_superblock_trickle_validation_summary"
"pg_catalog","stll_superblock_vacuum"
"pg_catalog","stll_swap"
"pg_catalog","stll_system_abort_txn"
"pg_catalog","stll_system_state"
"pg_catalog","stll_table_mutex"
"pg_catalog","stll_table_partition_qpd_stats"
"pg_catalog","stll_table_partition_scan"
"pg_catalog","stll_table_partitions_hotness_stats"
"pg_catalog","stll_tbl_perm_at_drop"
"pg_catalog","stll_terminate"
"pg_catalog","stll_tiered_storage_controller"
"pg_catalog","stll_tiered_storage_s3_blocks"
"pg_catalog","stll_tombstone"
"pg_catalog","stll_tr_conflict"
"pg_catalog","stll_transaction_history"
"pg_catalog","stll_transaction_read_write_set"
"pg_catalog","stll_truncate_history"
"pg_catalog","stll_udf"
"pg_catalog","stll_udf_compile_error"
"pg_catalog","stll_udf_log"
"pg_catalog","stll_udf_trace"
"pg_catalog","stll_undo_transactions"
"pg_catalog","stll_undone"
"pg_catalog","stll_unified_vec_scan"
"pg_catalog","stll_unique"
"pg_catalog","stll_unload_history_base"
"pg_catalog","stll_unload_log"
"pg_catalog","stll_unload_options"
"pg_catalog","stll_unnest"
"pg_catalog","stll_usage_control"
"pg_catalog","stll_user_load_error_detail"
"pg_catalog","stll_user_query_history"
"pg_catalog","stll_user_query_map"
"pg_catalog","stll_user_query_rewrite"
"pg_catalog","stll_user_query_text"
"pg_catalog","stll_user_vacuum_history"
"pg_catalog","stll_userlog"
"pg_catalog","stll_utilitytext"
"pg_catalog","stll_vacuum"
"pg_catalog","stll_vacuum_detail"
"pg_catalog","stll_vacuum_history"
"pg_catalog","stll_vacuum_scan_query_usage"
"pg_catalog","stll_varbyte_column_linker"
"pg_catalog","stll_varbyte_function"
"pg_catalog","stll_varbyte_query"
"pg_catalog","stll_vec_scan_stats"
"pg_catalog","stll_version"
"pg_catalog","stll_vpid"
"pg_catalog","stll_vpid_error"
"pg_catalog","stll_wam_lifecycle"
"pg_catalog","stll_warning"
"pg_catalog","stll_window"
"pg_catalog","stll_wlm_auto_concurrency"
"pg_catalog","stll_wlm_error"
"pg_catalog","stll_wlm_multi_az_routing"
"pg_catalog","stll_wlm_query"
"pg_catalog","stll_wlm_query_preemption"
"pg_catalog","stll_wlm_rule_action"
"pg_catalog","stll_wlm_service_class_config"
"pg_catalog","stll_wlm_trace"
"pg_catalog","stll_wlm_trace_query_state"
"pg_catalog","stll_xid_consumption_rate"
"pg_catalog","stll_xregion_billing_error"
"pg_catalog","stll_xregion_metering"
"pg_catalog","stll_xrestore"
"pg_catalog","stll_xrestore_alter_distkey"
"pg_catalog","stll_xrestore_cluster_level_distkey_tables"
"pg_catalog","stv_active_cursors"
"pg_catalog","stv_aio_reads"
"pg_catalog","stv_aio_writes"
"pg_catalog","stv_allocator"
"pg_catalog","stv_alter_checkpoint_state"
"pg_catalog","stv_alter_dist_sort"
"pg_catalog","stv_alter_table_recommendations"
"pg_catalog","stv_auto_task_queue_state"
"pg_catalog","stv_block_access_times"
"pg_catalog","stv_block_lru"
"pg_catalog","stv_block_reps"
"pg_catalog","stv_block_tag_state"
"pg_catalog","stv_blocklist"
"pg_catalog","stv_burst_manager_async_queries"
"pg_catalog","stv_burst_manager_cluster_info"
"pg_catalog","stv_burst_tbl_ownership"
"pg_catalog","stv_burst_tbl_sb_version"
"pg_catalog","stv_burst_write_blocklist"
"pg_catalog","stv_cache_policy_stats"
"pg_catalog","stv_catalog_metrics"
"pg_catalog","stv_cdc_connection"
"pg_catalog","stv_channel_reservation"
"pg_catalog","stv_channel_sink"
"pg_catalog","stv_channel_source"
"pg_catalog","stv_channel_usage"
"pg_catalog","stv_code_pool"
"pg_catalog","stv_comm_global_packet_pool"
"pg_catalog","stv_comm_slice"
"pg_catalog","stv_commit_context"
"pg_catalog","stv_compression"
"pg_catalog","stv_configuration"
"pg_catalog","stv_core_stat"
"pg_catalog","stv_cost_control"
"pg_catalog","stv_cursor_configuration"
"pg_catalog","stv_dag_cleanup_queue"
"pg_catalog","stv_db_isolation_level"
"pg_catalog","stv_disk_addresses"
"pg_catalog","stv_disk_cache_state"
"pg_catalog","stv_disk_map"
"pg_catalog","stv_diskman_query_block_alloc_stats"
"pg_catalog","stv_exec_state"
"pg_catalog","stv_external_databases"
"pg_catalog","stv_external_partitions"
"pg_catalog","stv_fdisk_stats"
"pg_catalog","stv_gui_status"
"pg_catalog","stv_guid_based_cache_policy_stats"
"pg_catalog","stv_guid_based_local_block_cache_state"
"pg_catalog","stv_guid_cache"
"pg_catalog","stv_identity_highwater"
"pg_catalog","stv_inflight"
"pg_catalog","stv_inflight_undos"
"pg_catalog","stv_integration"
"pg_catalog","stv_integration_table_state"
"pg_catalog","stv_interleaved_counts"
"pg_catalog","stv_invalid_replication"
"pg_catalog","stv_invisible_xact"
"pg_catalog","stv_io_local_pending"
"pg_catalog","stv_io_local_pending_time"
"pg_catalog","stv_io_local_times"
"pg_catalog","stv_io_raidp_client_pending"
"pg_catalog","stv_io_raidp_server_pending"
"pg_catalog","stv_io_readahead"
"pg_catalog","stv_io_stat"
"pg_catalog","stv_ip"
"pg_catalog","stv_last_grafted_ctxt_table_versions"
"pg_catalog","stv_load_state"
"pg_catalog","stv_local_block_cache_state"
"pg_catalog","stv_local_superblock_manager"
"pg_catalog","stv_locks"
"pg_catalog","stv_logical_data_slices"
"pg_catalog","stv_mem_alloc_history"
"pg_catalog","stv_mem_fragmentation"
"pg_catalog","stv_mem_freelist"
"pg_catalog","stv_mem_freelist_len"
"pg_catalog","stv_mem_leaks"
"pg_catalog","stv_ml_manager_status"
"pg_catalog","stv_ml_model_info"
"pg_catalog","stv_mv_deps"
"pg_catalog","stv_mv_deps_internal"
"pg_catalog","stv_mv_info"
"pg_catalog","stv_net_stat"
"pg_catalog","stv_networks"
"pg_catalog","stv_node_storage_capacity"
"pg_catalog","stv_nodes"
"pg_catalog","stv_partitions"
"pg_catalog","stv_perf_permanent_channel_sink"
"pg_catalog","stv_perf_permanent_channel_source"
"pg_catalog","stv_pg_wal_length"
"pg_catalog","stv_preferred_ctxt_table_versions"
"pg_catalog","stv_proc_stat"
"pg_catalog","stv_process_state"
"pg_catalog","stv_profiler"
"pg_catalog","stv_query_mem_leaks"
"pg_catalog","stv_query_mem_stats"
"pg_catalog","stv_query_mem_stats_by_type"
"pg_catalog","stv_query_metrics"
"pg_catalog","stv_query_plan_cache"
"pg_catalog","stv_query_stats"
"pg_catalog","stv_recent_io"
"pg_catalog","stv_recents"
"pg_catalog","stv_redshift_schema_quota"
"pg_catalog","stv_resize_library_import"
"pg_catalog","stv_resize_ml_model_import"
"pg_catalog","stv_resize_state"
"pg_catalog","stv_resize_table_import"
"pg_catalog","stv_restore_table_state"
"pg_catalog","stv_result_cache"
"pg_catalog","stv_resume_query_heartbeat"
"pg_catalog","stv_rowblock_manager_state"
"pg_catalog","stv_s3_commit_mid"
"pg_catalog","stv_sage_scaling_current_clusters"
"pg_catalog","stv_schema_quota_state"
"pg_catalog","stv_sem_usage"
"pg_catalog","stv_session_state"
"pg_catalog","stv_sessions"
"pg_catalog","stv_shmmem_stats"
"pg_catalog","stv_slices"
"pg_catalog","stv_spectrum_cache_state"
"pg_catalog","stv_spx_mem_stats"
"pg_catalog","stv_startup_recovery_state"
"pg_catalog","stv_storage_oid_map"
"pg_catalog","stv_superblock"
"pg_catalog","stv_superblock_locations"
"pg_catalog","stv_superblock_tree_entries"
"pg_catalog","stv_table_interval_map"
"pg_catalog","stv_table_partition_summary"
"pg_catalog","stv_table_partitions"
"pg_catalog","stv_table_row_id_state"
"pg_catalog","stv_table_vacuum_advisor_info"
"pg_catalog","stv_tbl_column_slice_state"
"pg_catalog","stv_tbl_column_state"
"pg_catalog","stv_tbl_fragmentation"
"pg_catalog","stv_tbl_perm"
"pg_catalog","stv_tbl_perm_property"
"pg_catalog","stv_tbl_perm_with_megavalues"
"pg_catalog","stv_tbl_trans"
"pg_catalog","stv_transactions"
"pg_catalog","stv_underrepped_blocks"
"pg_catalog","stv_user_query_map"
"pg_catalog","stv_user_query_state"
"pg_catalog","stv_vacuum_state"
"pg_catalog","stv_vpid"
"pg_catalog","stv_wlm_classification_config"
"pg_catalog","stv_wlm_config"
"pg_catalog","stv_wlm_config_internal"
"pg_catalog","stv_wlm_qmr_config"
"pg_catalog","stv_wlm_query_queue_state"
"pg_catalog","stv_wlm_query_state"
"pg_catalog","stv_wlm_query_task_state"
"pg_catalog","stv_wlm_service_class_config"
"pg_catalog","stv_wlm_service_class_state"
"pg_catalog","stv_xact"
"pg_catalog","stv_xrestore_alter_queue_state"
"pg_catalog","stv_xrestore_state"
"pg_catalog","systable_globaldict"
"pg_catalog","systable_schema"
"pg_catalog","systable_topology"
"pg_internal","redshift_auto_health_check_8002771"
"public","codes"
"public","countries"
"public","flow"
"public","quantity"
"public","trades"
"public","years"
